epoch,accuracy,dice_coef,dice_edema,dice_enhancing,dice_necrotic,learning_rate,loss,mean_iou_fixed,precision,sensitivity,specificity,val_accuracy,val_dice_coef,val_dice_edema,val_dice_enhancing,val_dice_necrotic,val_loss,val_mean_iou_fixed,val_precision,val_sensitivity,val_specificity
0,0.9806347489356995,0.9280122518539429,0.3235279321670532,0.12532465159893036,0.0646338015794754,0.0010000000474974513,0.17787618935108185,0.40562358498573303,0.9854057431221008,0.9666637778282166,0.9969443678855896,0.3276900351047516,0.35288751125335693,0.003551074070855975,0.009302769787609577,0.0024876780807971954,2.39084792137146,0.08605106174945831,0.36961814761161804,0.25506454706192017,0.8549714684486389
1,0.9936477541923523,0.9878321290016174,0.5918901562690735,0.3939606845378876,0.23982301354408264,0.0010000000474974513,0.03448314219713211,0.5605931282043457,0.9947243332862854,0.9929096102714539,0.9982448816299438,0.9932571649551392,0.9668368697166443,0.38458406925201416,0.14794039726257324,0.08234556019306183,0.07792630791664124,0.5287332534790039,0.9939318895339966,0.992863655090332,0.9979798197746277
2,0.9946650266647339,0.9914146065711975,0.6802552342414856,0.518988847732544,0.39649084210395813,0.0010000000474974513,0.025631913915276527,0.6304482221603394,0.995467483997345,0.9941204190254211,0.998491108417511,0.9941660165786743,0.9909474849700928,0.6390931010246277,0.40700799226760864,0.2445298433303833,0.03053644485771656,0.5448022484779358,0.9945815205574036,0.9939700961112976,0.998195230960846
3,0.9953764081001282,0.9930217266082764,0.7302232980728149,0.5919912457466125,0.5001450777053833,0.0010000000474974513,0.02121504582464695,0.6744526028633118,0.9959734678268433,0.9949662685394287,0.9986591935157776,0.9950771331787109,0.9869415760040283,0.5941634178161621,0.4943791627883911,0.38413527607917786,0.03263983875513077,0.6690352559089661,0.9954867959022522,0.9947912096977234,0.9984967112541199
4,0.9958152770996094,0.993920087814331,0.7607814073562622,0.6355848908424377,0.5636159181594849,0.0010000000474974513,0.01859055645763874,0.7020460367202759,0.996282696723938,0.9954850673675537,0.9987621307373047,0.9958531856536865,0.9923786520957947,0.7048023343086243,0.584858775138855,0.43772631883621216,0.022348754107952118,0.6807092428207397,0.9961923360824585,0.9956275224685669,0.9987317323684692
5,0.9960840344429016,0.9944656491279602,0.7799128890037537,0.6662831902503967,0.5979476571083069,0.0010000000474974513,0.016980858519673347,0.7191984057426453,0.9964876770973206,0.9957994222640991,0.9988303184509277,0.9959093332290649,0.9936253428459167,0.7182241678237915,0.663194477558136,0.5740346312522888,0.018810221925377846,0.7030563950538635,0.9962384104728699,0.995695173740387,0.9987467527389526
6,0.9963231086730957,0.9948859810829163,0.7955354452133179,0.689054012298584,0.6282067894935608,0.0010000000474974513,0.015659935772418976,0.7339638471603394,0.9966645240783691,0.9960793852806091,0.9988890886306763,0.9963610172271729,0.9949560165405273,0.7784247994422913,0.6890296936035156,0.5808266997337341,0.015703829005360603,0.7158915996551514,0.9967554807662964,0.9960755705833435,0.9989192485809326
7,0.996552050113678,0.9952595233917236,0.8100041151046753,0.7097817063331604,0.6568976044654846,0.0010000000474974513,0.014503445476293564,0.7489088177680969,0.9968453049659729,0.9963403344154358,0.9989489316940308,0.9965147376060486,0.9949805736541748,0.7756829857826233,0.7044599652290344,0.5898786187171936,0.015604179352521896,0.7243096232414246,0.9968467950820923,0.9962769150733948,0.998949408531189
8,0.9967204332351685,0.995522677898407,0.8204385638237,0.7230128645896912,0.6759576797485352,0.0010000000474974513,0.013674270361661911,0.7587289810180664,0.996984601020813,0.9965292811393738,0.998995304107666,0.9964742660522461,0.9951982498168945,0.7779015898704529,0.6997379660606384,0.6354823112487793,0.01596865803003311,0.738349974155426,0.9967461228370667,0.9962791204452515,0.9989160299301147
9,0.9968506693840027,0.9957311749458313,0.8289779424667358,0.7335968613624573,0.6913699507713318,0.0010000000474974513,0.013054278679192066,0.7672457098960876,0.9970887303352356,0.9966793060302734,0.9990301132202148,0.9960870742797852,0.9943702220916748,0.7453598380088806,0.6673709154129028,0.5952147841453552,0.019480455666780472,0.7152936458587646,0.996392011642456,0.995871901512146,0.9987981915473938
