epoch,accuracy,dice_coef,dice_edema,dice_enhancing,dice_necrotic,learning_rate,loss,mean_iou_fixed,precision,sensitivity,specificity,val_accuracy,val_dice_coef,val_dice_edema,val_dice_enhancing,val_dice_necrotic,val_loss,val_mean_iou_fixed,val_precision,val_sensitivity,val_specificity
0,0.9853984117507935,0.9378343224525452,0.35458439588546753,0.1619986593723297,0.07870732247829437,0.0010000000474974513,0.15326130390167236,0.4250624477863312,0.9882671236991882,0.974841296672821,0.9971333742141724,0.9882963299751282,0.9642267227172852,0.12070359289646149,0.017403466627001762,0.008513831533491611,0.10904744267463684,0.28090015053749084,0.9885913133621216,0.9882276058197021,0.9961985945701599
1,0.9940071105957031,0.9892231225967407,0.6278830170631409,0.4819236397743225,0.2804088592529297,0.0010000000474974513,0.031173180788755417,0.5919927954673767,0.9949017763137817,0.9933961033821106,0.9983036518096924,0.9910953044891357,0.988493800163269,0.46260854601860046,0.21697330474853516,0.210465207695961,0.04547348991036415,0.42443767189979553,0.9917026162147522,0.9908304214477539,0.997236967086792
2,0.9949235916137695,0.9921907186508179,0.6988502144813538,0.5972616672515869,0.4210050106048584,0.0010000000474974513,0.023568151518702507,0.6497873067855835,0.9955695271492004,0.9944736957550049,0.9985252022743225,0.9942784905433655,0.9922258853912354,0.640747606754303,0.4949909448623657,0.4384426474571228,0.027407905086874962,0.6039748191833496,0.9947785139083862,0.9939674139022827,0.9982610940933228
3,0.9954153299331665,0.9933765530586243,0.7341828346252441,0.6498404145240784,0.5022948384284973,0.0010000000474974513,0.020287703722715378,0.6830936074256897,0.9959487318992615,0.99504554271698,0.9986510276794434,0.9943031668663025,0.9931173920631409,0.6652751564979553,0.561363160610199,0.4737201929092407,0.02634347602725029,0.6112334132194519,0.9946513175964355,0.9940800070762634,0.9982183575630188
4,0.9957309365272522,0.9940192103385925,0.7570527791976929,0.6763928532600403,0.5570681691169739,0.0010000000474974513,0.018508991226553917,0.7040766477584839,0.9961891770362854,0.9954049587249756,0.9987306594848633,0.9883283972740173,0.9878793358802795,0.1502644419670105,0.3172972798347473,0.09540114551782608,0.09619593620300293,0.33454540371894836,0.9884603023529053,0.9882653951644897,0.9961544871330261
5,0.9960094690322876,0.9944944977760315,0.7748837471008301,0.6965951919555664,0.5863726139068604,0.0010000000474974513,0.017105603590607643,0.7186775207519531,0.9964191317558289,0.9957188367843628,0.998807430267334,0.9954770803451538,0.9946801066398621,0.7250898480415344,0.6980106830596924,0.6141104102134705,0.020224830135703087,0.6964077353477478,0.995765209197998,0.9952712655067444,0.998589277267456
6,0.9963030219078064,0.9949644804000854,0.7949298620223999,0.7135793566703796,0.6215095520019531,0.0010000000474974513,0.015574821271002293,0.7345954775810242,0.9966636896133423,0.9960458874702454,0.9988889694213867,0.9947587251663208,0.9938446879386902,0.652693510055542,0.7000362873077393,0.5944883227348328,0.02374611608684063,0.6771088242530823,0.9951056838035583,0.9945111274719238,0.9983693957328796
7,0.9964457154273987,0.9952012896537781,0.803754985332489,0.7256755828857422,0.6409781575202942,0.0010000000474974513,0.014836212620139122,0.744189441204071,0.9967803359031677,0.996208667755127,0.9989277124404907,0.9956156611442566,0.9948171973228455,0.7406033277511597,0.7085679173469543,0.5677273273468018,0.018670519813895226,0.6878082752227783,0.9959019422531128,0.9954366683959961,0.9986346364021301
8,0.9966040849685669,0.9954362511634827,0.8137869238853455,0.7346681356430054,0.6598451733589172,0.0010000000474974513,0.014093490317463875,0.7530575394630432,0.9969111680984497,0.9963791966438293,0.9989711046218872,0.9962037801742554,0.9953940510749817,0.7809106707572937,0.7190401554107666,0.605991542339325,0.016495833173394203,0.7110472321510315,0.9964350461959839,0.9960535764694214,0.9988121390342712
9,0.9966976642608643,0.9955997467041016,0.8202295303344727,0.7437341213226318,0.6730363368988037,0.0010000000474974513,0.013557909056544304,0.7595036029815674,0.9969873428344727,0.9964929223060608,0.9989964962005615,0.9962977766990662,0.9954214096069336,0.7886335253715515,0.7203879952430725,0.5738388895988464,0.016004255041480064,0.7022876143455505,0.996516227722168,0.9961639642715454,0.9988391399383545
